name,price,mrp,discount,link,affiliate_link,image,category,breadcrumb,category_level,parent_category
"Elina Dark Multi Color Elastic Hair Ponytail Holder Soft Non Slip Tight Stretchable Rubber Bands for School Girls/Women, Hair tie (Pack of 30)(Dark English Multicolor)",199.0,599.0,67%,https://www.amazon.in/Elina-Elastic-Ponytail-Stretchable-Multicolor/dp/B0CT54F8DN/ref=zg_bs_g_jewelry_d_sccl_1/260-2581820-5151969?psc=1,https://www.amazon.in/dp/B0CT54F8DN?&linkCode=ll1&tag=902300-21&linkId=f174a81204f082d40ca858a4&language=en_IN&ref_=as_li_ss_tl,https://m.media-amazon.com/images/I/6139MwetDiL._SX300_SY300_QL70_ML2_.jpg,Jewellery,Jewellery,0,
"Sanas Hair Extension Clips For Women 4 Pcs Dupatta Clips For Brides (10 Teeth) Dupatta Tic Tac Pin - Safety Pins For Women Saree Pallu & Dupatta Pin For Head - Bridal Dupatta Setting Clip, Safety & Hijab Hair Pins - Chunni Clips - Wig Clip 4 Pcs, Hair Accessories For Women Wedding (Black)",199.0,299.0,33%,https://www.amazon.in/Sanas-Extension-Clips-Dupatta-Brides/dp/B0DPHYLK6F/ref=zg_bs_g_jewelry_d_sccl_16/260-2581820-5151969?psc=1,https://www.amazon.in/dp/B0DPHYLK6F?&linkCode=ll1&tag=902300-21&linkId=0e7676e841711b1c57497332&language=en_IN&ref_=as_li_ss_tl,https://m.media-amazon.com/images/I/41wIfqPGMSL._SX300_SY300_QL70_ML2_.jpg,Jewellery,Jewellery,0,
"SILVR BEAR Luxury Satin Scrunchies SAME 6 COLORS AS PIC, Anti-Hair-Breakage, Hair Ties, Scrunchies Set for Girls, Women, Best gift for Sister, Friend, Mom (Classic Skinny)",299.0,600.0,50%,https://www.amazon.in/Silvr-Bear-Luxury-Skinny-Scrunchies/dp/B09MKM5XJ5/ref=zg_bs_g_jewelry_d_sccl_29/260-2581820-5151969?psc=1,https://www.amazon.in/dp/B09MKM5XJ5?&linkCode=ll1&tag=902300-21&linkId=d6370bd27199fb97a433d7af&language=en_IN&ref_=as_li_ss_tl,https://m.media-amazon.com/images/I/51g+Lp-cF3L._SY300_SX300_.jpg,Jewellery,Jewellery,0,
"Wazdorf Girls Hair Pins with Clear Bag, Baby Hair Clips Cute Cute Fruit Cartoon Animal Hair Pin for Kids Hair Clip for Women Girls Hair Accessories (PINK)",244.0,999.0,76%,https://www.amazon.in/Wazdorf-Girls-Cartoon-Animal-Accessories/dp/B0C5JP8M5P/ref=zg_bs_g_7124361031_d_sccl_4/260-2581820-5151969?psc=1,https://www.amazon.in/dp/B0C5JP8M5P?&linkCode=ll1&tag=902300-21&linkId=edc0b289072586d86bcd7b31&language=en_IN&ref_=as_li_ss_tl,https://m.media-amazon.com/images/I/41Jy4OJxOML._SX300_SY300_QL70_ML2_.jpg,Girls,Girls,1,
YouBella Hair Jewellery Clip Set for Baby Band for Girls (Pack of 18) (Pink),284.0,999.0,72%,https://www.amazon.in/YouBella-Hair-Jewellery-Clip-Girls/dp/B08T64VPNC/ref=zg_bs_g_7124361031_d_sccl_10/260-2581820-5151969?psc=1,https://www.amazon.in/dp/B08T64VPNC?&linkCode=ll1&tag=902300-21&linkId=15374dbffb416417da2e01ad&language=en_IN&ref_=as_li_ss_tl,https://m.media-amazon.com/images/I/41yBf021cKL._SX300_SY300_QL70_ML2_.jpg,Girls,Girls,1,
"Crystal Heaven Certified Amethyst Crystal Tower Obelisk Point for Chakra, Healing and Balancing - AAA Grade Original Gemstone Agate for Reiki Meditation Yoga Spiritual (2-3 Inches)",449.0,2500.0,82%,https://www.amazon.in/Amethyst-Crystal-Obelisk-Healing-Balancing/dp/B09Z86L7YW/ref=zg_bs_g_7124361031_d_sccl_19/260-2581820-5151969?psc=1,https://www.amazon.in/dp/B09Z86L7YW?&linkCode=ll1&tag=902300-21&linkId=0e46a88a03036758cb2f97cf&language=en_IN&ref_=as_li_ss_tl,https://m.media-amazon.com/images/I/41igaz437fL._SX300_SY300_QL70_ML2_.jpg,Girls,Girls,1,
TEMPERIA (1 Pack - 14 Clips) Hair Clips for Girls Kids - Girls Gift Items for Birthday - Cute Hair Clips & Pins Set for Baby & Small Girls - Girl Hair Accessories (Random Colors & Designs) (MN02),157.0,599.0,74%,https://www.amazon.in/TEMPERIA-Pack-Birthday-Accessories-Designs/dp/B0DHXHSQV1/ref=zg_bs_g_7124361031_d_sccl_22/260-2581820-5151969?psc=1,https://www.amazon.in/dp/B0DHXHSQV1?&linkCode=ll1&tag=902300-21&linkId=6f8b37d67f18c004a87187dd&language=en_IN&ref_=as_li_ss_tl,https://m.media-amazon.com/images/I/51-axMSxRsL._SX300_SY300_QL70_ML2_.jpg,Girls,Girls,1,
NEOBABY Elastic Hair Rubber Bands Ties Accessories for Kids Baby Girls & Women's with Fancy Cartoon Characters Designs (Assorted 6 Pairs),179.0,1599.0,89%,https://www.amazon.in/NEOBABY-Elastic-Accessories-Characters-Assorted/dp/B0CTCDHCLL/ref=zg_bs_g_7124361031_d_sccl_26/260-2581820-5151969?psc=1,https://www.amazon.in/dp/B0CTCDHCLL?&linkCode=ll1&tag=902300-21&linkId=6c57c6a16de71b81044c17df&language=en_IN&ref_=as_li_ss_tl,https://m.media-amazon.com/images/I/51gMSbuOzXL._SX300_SY300_QL70_ML2_.jpg,Girls,Girls,1,
kapimo Fancy Hair Clips For Baby Girls Toddlers Assorted Stylish Fashion Hair Accessories 18 Pcs Gift Set Box (Dark Pink),339.0,1200.0,72%,https://www.amazon.in/Toddlers-Assorted-Stylish-Fashion-Accessories/dp/B09J2VKJ43/ref=zg_bs_g_7124361031_d_sccl_28/260-2581820-5151969?psc=1,https://www.amazon.in/dp/B09J2VKJ43?&linkCode=ll1&tag=902300-21&linkId=7a08615c1424ac80f213bb3d&language=en_IN&ref_=as_li_ss_tl,https://m.media-amazon.com/images/I/51dTZAYxhoL._SX300_SY300_QL70_ML2_.jpg,Girls,Girls,1,
"Seeotwo 2 Pieces Resin Hairband Shark Tooth Style Non-Slip Black Wave Sports Yoga Headband Unisex Fashion Adjustable Wavy Hair Hoop Band for Women, Men, Boys, and Girls",249.0,800.0,69%,https://www.amazon.in/Seeotwo-Hairband-Non-Slip-Headband-Adjustable/dp/B0D7K4XBY1/ref=zg_bs_g_7124358031_d_sccl_19/260-2581820-5151969?psc=1,https://www.amazon.in/dp/B0D7K4XBY1?&linkCode=ll1&tag=902300-21&linkId=8c7065b481dfd59547cddbc1&language=en_IN&ref_=as_li_ss_tl,https://m.media-amazon.com/images/I/413ryiiXUDL._SY300_SX300_QL70_ML2_.jpg,Women,Women,1,
"XFYT Boho Chic Tie-Dye Workout Hair Bands | Sweat-Proof Your Gym Fitness Soft Wide Head Band Running Yoga Sports Bandana for Girls Women (Mix Boho), Multi-coloured, Microfiber",363.0,699.0,48%,https://www.amazon.in/Tie-Dye-Workout-Sweat-Proof-Multi-coloured-Microfiber/dp/B0CH6BF15Z/ref=zg_bs_g_7124358031_d_sccl_30/260-2581820-5151969?psc=1,https://www.amazon.in/dp/B0CH6BF15Z?&linkCode=ll1&tag=902300-21&linkId=4699cacf06f313c87e7f9a2c&language=en_IN&ref_=as_li_ss_tl,https://m.media-amazon.com/images/I/41jHx+m-sHL._SY300_SX300_.jpg,Women,Women,1,
Haridwar Divine 7 Mukhi Rudraksha Original Certification Seven Mukhi Rudraksha with Silver Pendent with 10 mm Dia with in Brown Colour,284.0,599.0,53%,https://www.amazon.in/Haridwar-Mukhi-Rudraksha-Original-Certification/dp/B0CX8HH18M/ref=zg_bs_g_4330647031_d_sccl_6/260-2581820-5151969?psc=1,https://www.amazon.in/dp/B0CX8HH18M?&linkCode=ll1&tag=902300-21&linkId=ff8b6efd35c08e2862205d32&language=en_IN&ref_=as_li_ss_tl,https://m.media-amazon.com/images/I/51UCcyB-2RL._SY300_SX300_QL70_ML2_.jpg,Beads & Charms,Boys > Beads & Charms,2,Boys
Arihant Gems & Jewels® 6 Mukhi 6 Faced Nepali Rudraksha with 925 Silver Pandant | Natural & Certified | Astrological Seven Mukhi/Faced Rudraksha | Positive Effect | Unisex Both for Men & Women,899.0,1999.0,55%,https://www.amazon.in/Arihant-Gems-Jewels-Rudraksha-Astrological/dp/B0C8J8WSX2/ref=zg_bs_g_4330647031_d_sccl_7/260-2581820-5151969?psc=1,https://www.amazon.in/dp/B0C8J8WSX2?&linkCode=ll1&tag=902300-21&linkId=d56d792d1c672d50a0eb0c8f&language=en_IN&ref_=as_li_ss_tl,https://m.media-amazon.com/images/I/41feXkT+27L._SY300_SX300_.jpg,Beads & Charms,Boys > Beads & Charms,2,Boys
ARKAM Four Mukhi Rudraksha Certified/Original Nepali 4 Mukhi Rudraksh/Natural 4 Faced Rudraksha (Brown) with Certificate and Puja Instructions,349.0,599.0,42%,https://www.amazon.in/ARKAM-Rudraksha-Certified-Certificate-Instructions/dp/B09MKSB78Y/ref=zg_bs_g_4330647031_d_sccl_8/260-2581820-5151969?psc=1,https://www.amazon.in/dp/B09MKSB78Y?&linkCode=ll1&tag=902300-21&linkId=2371c6668fd8c0f6cdf7b29b&language=en_IN&ref_=as_li_ss_tl,https://m.media-amazon.com/images/I/41-G8r3lLpL._SX300_SY300_QL70_ML2_.jpg,Beads & Charms,Boys > Beads & Charms,2,Boys
Arihant Gems & Jewels® 4 Mukhi Nepali Rudraksha Pendent | Natural & Certified | Astrological Benefits | Unisex | Positive Energy for Men & Women,999.0,1999.0,50%,https://www.amazon.in/Arihant-Rudraksha-RUDRAKSHA-Pendant-Certified/dp/B07P8NMN1L/ref=zg_bs_g_4330647031_d_sccl_15/260-2581820-5151969?psc=1,https://www.amazon.in/dp/B07P8NMN1L?&linkCode=ll1&tag=902300-21&linkId=46b62d04f07b38b322fe212f&language=en_IN&ref_=as_li_ss_tl,https://m.media-amazon.com/images/I/41POgPzHEmL._SX300_SY300_QL70_ML2_.jpg,Beads & Charms,Boys > Beads & Charms,2,Boys
Astro Cart 3 Mukhi Rudraksha Nepali Pure Teen Mukhi Rudraksh तीन मुखी रुद्राक्ष 3 Face Rudraksha Original Certified 3 मुखी रुद्राक्ष Brown Holy Beads for Men & Women,637.0,1290.0,51%,https://www.amazon.in/Astro-Cart-Rudraksha-Original-Certified/dp/B09TR8ZVYX/ref=zg_bs_g_4330647031_d_sccl_22/260-2581820-5151969?psc=1,https://www.amazon.in/dp/B09TR8ZVYX?&linkCode=ll1&tag=902300-21&linkId=cc1a9627124c5ddd59f0b4a5&language=en_IN&ref_=as_li_ss_tl,https://m.media-amazon.com/images/I/31v1eiUhKRL._SX300_SY300_QL70_ML2_.jpg,Beads & Charms,Boys > Beads & Charms,2,Boys
Riddhika Ventures Stylish Kids Rakhi (Set of 2) along with Roli Chawal and Greeting Card (P13P14),290.0,999.0,N/A,https://www.amazon.in/Riddhika-Ventures-Spinner-Cartoon-Characters/dp/B07T71D2YJ/ref=zg_bs_g_7124396031_d_sccl_23/260-2581820-5151969?psc=1,https://www.amazon.in/dp/B07T71D2YJ?&linkCode=ll1&tag=902300-21&linkId=5985607237c721909653d574&language=en_IN&ref_=as_li_ss_tl,https://m.media-amazon.com/images/I/41qr3PGyiVL._SX300_SY300_.jpg,Bracelets & Kadas,Boys > Bracelets & Kadas,2,Boys
TIED RIBBONS Rakhi For Brother with Gift Combo - Premium Rakhi with Ram Lalla Idol Statue and Mini Greeting Card- Raksha Bandhan Gift for Brother Bhaiya Men,452.0,4999.0,N/A,https://www.amazon.in/TIED-RIBBONS-Rakhi-Brother-Combo/dp/B0D5HM8CVQ/ref=zg_bs_g_7124396031_d_sccl_26/260-2581820-5151969?psc=1,https://www.amazon.in/dp/B0D5HM8CVQ?&linkCode=ll1&tag=902300-21&linkId=c38104ccddf39a9cbd61ec96&language=en_IN&ref_=as_li_ss_tl,https://m.media-amazon.com/images/I/510Nr+GVeCL._SY300_SX300_.jpg,Bracelets & Kadas,Boys > Bracelets & Kadas,2,Boys
REAL SEED OM Mala Necklace Mala for Girls and Boys | Bead Size - 8MM,645.0,835.0,23%,https://www.amazon.in/REAL-SEED-Mala-Necklace-Girls/dp/B086PYBW9M/ref=zg_bs_g_7124404031_d_sccl_27/260-2581820-5151969?psc=1,https://www.amazon.in/dp/B086PYBW9M?&linkCode=ll1&tag=902300-21&linkId=d9d25562793ec930acf267f0&language=en_IN&ref_=as_li_ss_tl,https://m.media-amazon.com/images/I/51VGbWOTVxL._SX300_SY300_QL70_ML2_.jpg,Chains,Boys > Chains,2,Boys
"MadSwag Metal Stainless Steel Huggie Earrings for Boys, Black",264.0,N/A,N/A,https://www.amazon.in/MadSwag-Stylish-Piercing-Stainless-Earrings/dp/B07V7VFSTM/ref=zg_bs_g_7124402031_d_sccl_4/260-2581820-5151969?psc=1,https://www.amazon.in/dp/B07V7VFSTM?&linkCode=ll1&tag=902300-21&linkId=bbbec5654f6011cfdfdcfcb8&language=en_IN&ref_=as_li_ss_tl,https://m.media-amazon.com/images/I/41ACr-wMtTL._SY300_SX300_.jpg,Earrings,Boys > Earrings,2,Boys
"MadSwag Metal Stainless Steel Huggie Earrings for Boys, Silver",411.0,N/A,N/A,https://www.amazon.in/MadSwag-Stylish-Piercing-Stainless-Earrings/dp/B07V7YQP8G/ref=zg_bs_g_7124402031_d_sccl_6/260-2581820-5151969?psc=1,https://www.amazon.in/dp/B07V7YQP8G?&linkCode=ll1&tag=902300-21&linkId=00f9047762e97766bec66fd7&language=en_IN&ref_=as_li_ss_tl,https://m.media-amazon.com/images/I/41qBtOCZ6TL._SY300_SX300_.jpg,Earrings,Boys > Earrings,2,Boys
PDY FASHION Black Color Stainless Steel Classic Plain Thin Hoop Ear Lobe Earrings for Men and Women girls boys unisex,499.0,3499.0,N/A,https://www.amazon.in/PDY-FASHION-Stainless-Classic-Earrings/dp/B0B4SH9JDY/ref=zg_bs_g_7124402031_d_sccl_8/260-2581820-5151969?psc=1,https://www.amazon.in/dp/B0B4SH9JDY?&linkCode=ll1&tag=902300-21&linkId=05a24c009c06416582924911&language=en_IN&ref_=as_li_ss_tl,https://m.media-amazon.com/images/I/41++dUPogZL._SX300_SY300_.jpg,Earrings,Boys > Earrings,2,Boys
MadSwag Black Metal Round Barbell Dumbbells Piercing Combo Earring for Boy,349.0,N/A,N/A,https://www.amazon.in/MadSwag-Barbell-Dumbells-Piercing-Earing/dp/B07HCWYJPX/ref=zg_bs_g_7124402031_d_sccl_13/260-2581820-5151969?psc=1,https://www.amazon.in/dp/B07HCWYJPX?&linkCode=ll1&tag=902300-21&linkId=f24340a607b276b30722e8e7&language=en_IN&ref_=as_li_ss_tl,https://m.media-amazon.com/images/I/31tHubR66xL._SY300_SX300_.jpg,Earrings,Boys > Earrings,2,Boys
Stylish Black Hoop Earrings for Boys | Cool & Trendy Fashion Accessory| Ear Studs for Boys Punk Style,205.0,999.0,N/A,https://www.amazon.in/Stylish-Earrings-Trendy-Fashion-Accessory/dp/B0CSPLKS9M/ref=zg_bs_g_7124402031_d_sccl_20/260-2581820-5151969?psc=1,https://www.amazon.in/dp/B0CSPLKS9M?&linkCode=ll1&tag=902300-21&linkId=aa09a75c7ac4e853f4cfe292&language=en_IN&ref_=as_li_ss_tl,https://m.media-amazon.com/images/I/31HibMiXI7L._SY300_SX300_.jpg,Earrings,Boys > Earrings,2,Boys
Crochet studs,499.0,N/A,N/A,https://www.amazon.in/Generic-Crochet-studs/dp/B098TMF4BN/ref=zg_bs_g_7124402031_d_sccl_21/260-2581820-5151969?psc=1,https://www.amazon.in/dp/B098TMF4BN?&linkCode=ll1&tag=902300-21&linkId=8d4305116a224a110a1e516d&language=en_IN&ref_=as_li_ss_tl,https://m.media-amazon.com/images/I/51KziY14neS._SX342_SY445_.jpg,Earrings,Boys > Earrings,2,Boys
Ratna Shree Jewellers & Gems Machmani 4 Carat Silver Locket 100% Natural Mach mani stone | Certified From gem Testing Lab Authentic | Machh mani,1199.0,1599.0,25%,https://www.amazon.in/Machmani-Natural-Certified-Testing-Authentic/dp/B0927Q9JXC/ref=zg_bs_g_4330651031_d_sccl_13/260-2581820-5151969?psc=1,https://www.amazon.in/dp/B0927Q9JXC?&linkCode=ll1&tag=902300-21&linkId=8d4b8673aec209447366265a&language=en_IN&ref_=as_li_ss_tl,https://m.media-amazon.com/images/I/217CDC6HapL._SY300_SX300_QL70_ML2_.jpg,Loose Gemstones & Diamonds,Boys > Loose Gemstones & Diamonds,2,Boys
Astroghar Protection Angelic Zibu Symbol Numbers Engraved Natural Black Tourmaline Faith Pocket Crystals,299.0,350.0,15%,https://www.amazon.in/Astroghar-Protection-Engraved-Tourmaline-Crystals/dp/B0CVSHTZN5/ref=zg_bs_g_4330651031_d_sccl_26/260-2581820-5151969?psc=1,https://www.amazon.in/dp/B0CVSHTZN5?&linkCode=ll1&tag=902300-21&linkId=35ff98b2b7ad89fbdf019424&language=en_IN&ref_=as_li_ss_tl,https://m.media-amazon.com/images/I/31gp74rOy9L._SY300_SX300_QL70_ML2_.jpg,Loose Gemstones & Diamonds,Boys > Loose Gemstones & Diamonds,2,Boys
"SAINTIMO ® Pyrite dust Plate Frame for Wealth, Money,| Pyrite Stone Ring Success | and Abundance braclte for Money Magnet 3pcs Set (Pyrite Frame+Ring+ braclte)",999.0,1999.0,50%,https://www.amazon.in/SAINTIMO-Pyrite-Success-Abundance-braclte/dp/B0DGRQCCQ3/ref=zg_bs_g_4330651031_d_sccl_27/260-2581820-5151969?psc=1,https://www.amazon.in/dp/B0DGRQCCQ3?&linkCode=ll1&tag=902300-21&linkId=d9d4b5211f7e1d5af5b89633&language=en_IN&ref_=as_li_ss_tl,https://m.media-amazon.com/images/I/51a1DrG4PNL._SX300_SY300_QL70_ML2_.jpg,Loose Gemstones & Diamonds,Boys > Loose Gemstones & Diamonds,2,Boys
Generic Silver/Bronze Tone Fullmetal Pocket Watch Design Boys Pendant Necklace Chain Best Gift,299.0,859.0,N/A,https://www.amazon.in/Generic-Silver-Fullmetal-Pendant-Necklace/dp/B0BY595D9M/ref=zg_bs_g_7124405031_d_sccl_5/260-2581820-5151969?psc=1,https://www.amazon.in/dp/B0BY595D9M?&linkCode=ll1&tag=902300-21&linkId=63e370938bbe0ffb5967539d&language=en_IN&ref_=as_li_ss_tl,https://m.media-amazon.com/images/I/41jyejwgjNL._SX300_SY300_QL70_ML2_.jpg,Pendants,Boys > Pendants,2,Boys
"Shivanjali Plus Gems - God Hanuman Gada (Ghota, Mace) Pendant/Locket Sun Gemstone Charms Healing Stone Pendant with chain for Men, Women & Children Size - 25 x 10 x 10 mm Approx.",349.0,2999.0,N/A,https://www.amazon.in/Shivanjali-Plus-Gems-Gemstone-Children/dp/B09GW4CQ6M/ref=zg_bs_g_7124405031_d_sccl_6/260-2581820-5151969?psc=1,https://www.amazon.in/dp/B09GW4CQ6M?&linkCode=ll1&tag=902300-21&linkId=5c8996eb0c5e57c4407601e3&language=en_IN&ref_=as_li_ss_tl,https://m.media-amazon.com/images/I/31cpsa-kgZL._SY300_SX300_.jpg,Pendants,Boys > Pendants,2,Boys
"El Regalo 3 PCs Christmas FFF Best Friend Forever Necklaces Set- Xmas, Christmas Jewelry Gift for Best Friends/Besties/Kids/Girls/Boys",399.0,699.0,N/A,https://www.amazon.in/El-Regalo-Christmas-Forever-Necklaces/dp/B0BPP15XZT/ref=zg_bs_g_7124405031_d_sccl_11/260-2581820-5151969?psc=1,https://www.amazon.in/dp/B0BPP15XZT?&linkCode=ll1&tag=902300-21&linkId=44a878d0aa969d3119a1c332&language=en_IN&ref_=as_li_ss_tl,https://m.media-amazon.com/images/I/41YxTVpQzeL._SY300_SX300_QL70_ML2_.jpg,Pendants,Boys > Pendants,2,Boys
"BELLINA Black Studded Finger Ring, Black Matte Ring And Square Design Ring Set With Cuboid Bar Neck Pendant For Boys And Men (Pack Of 4)",349.0,N/A,N/A,https://www.amazon.in/BELLINA-Studded-Finger-Square-Pendant/dp/B0B8YXMGW2/ref=zg_bs_g_7124406031_d_sccl_9/260-2581820-5151969?psc=1,https://www.amazon.in/dp/B0B8YXMGW2?&linkCode=ll1&tag=902300-21&linkId=547b3e4b763700ebc91b4339&language=en_IN&ref_=as_li_ss_tl,https://m.media-amazon.com/images/I/31wzl0l5Z5L._SY300_SX300_.jpg,Rings,Boys > Rings,2,Boys
SUSVIJ BLACK THREAD LEG (Pack of 4),199.0,399.0,50%,https://www.amazon.in/SUSVIJ-BLACK-THREAD-LEG-Pack/dp/B0D8M2H9VW/ref=zg_bs_g_7124370031_d_sccl_18/260-2581820-5151969?psc=1,https://www.amazon.in/dp/B0D8M2H9VW?&linkCode=ll1&tag=902300-21&linkId=dd0c0bba51c2887f9c6a65c2&language=en_IN&ref_=as_li_ss_tl,https://m.media-amazon.com/images/I/31qHDoeg7zL._SY300_SX300_QL70_ML2_.jpg,Anklets,Girls > Anklets,2,Girls
TERA 13 Plastic Unicorn Bracelet with Finger Ring Attached for Kids/Unicorn Bracelet/Unicorn Bracelet for Kids/Unicorn Ring/Unicorn Ring for Kids Multicolor (Pack of 2),250.0,599.0,58%,https://www.amazon.in/TERA-13-bracelet-attached-multicolor/dp/B096ZSPWBJ/ref=zg_bs_g_7124371031_d_sccl_26/260-2581820-5151969?psc=1,https://www.amazon.in/dp/B096ZSPWBJ?&linkCode=ll1&tag=902300-21&linkId=1524753287948857aa7c1ebb&language=en_IN&ref_=as_li_ss_tl,https://m.media-amazon.com/images/I/41xrNIKh66L._SX300_SY300_QL70_ML2_.jpg,Bangles & Bracelets,Girls > Bangles & Bracelets,2,Girls
ARKAM Seven Mukhi Rudraksha Certified/Original Nepali 7 Mukhi Rudraksh/Natural 7 faced Rudraksha (Brown) with Certificate and Puja Instructions,499.0,799.0,38%,https://www.amazon.in/ARKAM-Rudraksha-Certified-Certificate-Instructions/dp/B09MKSR4VD/ref=zg_bs_g_4330647031_d_sccl_2/260-2581820-5151969?psc=1,https://www.amazon.in/dp/B09MKSR4VD?&linkCode=ll1&tag=902300-21&linkId=fa169bea732418f3f40d4444&language=en_IN&ref_=as_li_ss_tl,https://m.media-amazon.com/images/I/413M1sCJDrL._SX300_SY300_QL70_ML2_.jpg,Beads & Charms,Girls > Beads & Charms,2,Girls
AstroCart Natural 2 Mukhi Rudraksha Nepali With Capping Or Dori 2 Face Rudraksha Nepali Loose Bead Original Certified By Lab Do Mukhi Rudraksh Beech Brown Beads 2 Blessing Ardhnarishwara,499.0,1200.0,58%,https://www.amazon.in/AstroCart-%E0%A4%B0%E0%A5%81%E0%A4%A6%E0%A5%8D%E0%A4%B0%E0%A4%BE%E0%A4%95%E0%A5%8D%E0%A4%B7-Rudraksha-Original-Certified/dp/B09NBNXRNH/ref=zg_bs_g_4330647031_d_sccl_11/260-2581820-5151969?psc=1,https://www.amazon.in/dp/B09NBNXRNH?&linkCode=ll1&tag=902300-21&linkId=4e29bbb23ee8b7cbbac5acf2&language=en_IN&ref_=as_li_ss_tl,https://m.media-amazon.com/images/I/51P3n-1BvQL._SX300_SY300_QL70_ML2_.jpg,Beads & Charms,Girls > Beads & Charms,2,Girls
8 Mukhi Rudraksha Original Certified Nepali Size10 mm with Pandent Blessed by Lord Shiva 8 Face Rudraksha Original Certified Nepal with in Brown Colour,349.0,599.0,42%,https://www.amazon.in/Rudraksha-Original-Certified-Pandent-Blessed/dp/B0DKY11CJM/ref=zg_bs_g_4330647031_d_sccl_23/260-2581820-5151969?psc=1,https://www.amazon.in/dp/B0DKY11CJM?&linkCode=ll1&tag=902300-21&linkId=9d48d9972c5a30baca02db13&language=en_IN&ref_=as_li_ss_tl,https://m.media-amazon.com/images/I/51Fft+HNshL._SX300_SY300_.jpg,Beads & Charms,Girls > Beads & Charms,2,Girls
Original Panchmukhi (Five-Faced) Rudraksha/Real Rudraksha Bead for Men and Women/Five Faced Rudraksha/ 5 Mukhi Rudraksh/Natural 5 Faced Rudraksha,199.0,999.0,80%,https://www.amazon.in/Original-Panchmukhi-Five-Faced-Rudraksha-Rudraksh/dp/B0CWGD1X72/ref=zg_bs_g_4330647031_d_sccl_26/260-2581820-5151969?psc=1,https://www.amazon.in/dp/B0CWGD1X72?&linkCode=ll1&tag=902300-21&linkId=5c00875fd4ca08b0dcbf1aee&language=en_IN&ref_=as_li_ss_tl,https://m.media-amazon.com/images/I/51cCzQAK+5L._SY300_SX300_.jpg,Beads & Charms,Girls > Beads & Charms,2,Girls
Haridwar Divine Brown Colour Seven Mukhi Rudraksha Certified/Original Nepali 7 Mukhi Rudraksh/Natural 7 Faced Rudraksha with Silver Pendent,284.0,599.0,53%,https://www.amazon.in/Haridwar-Mukhi-Rudraksha-Certified-Original/dp/B0CX8ZXBRL/ref=zg_bs_g_4330647031_d_sccl_27/260-2581820-5151969?psc=1,https://www.amazon.in/dp/B0CX8ZXBRL?&linkCode=ll1&tag=902300-21&linkId=6f1ed40056d4961c3cef0d5b&language=en_IN&ref_=as_li_ss_tl,https://m.media-amazon.com/images/I/61fDtTfTQ4L._SX300_SY300_QL70_ML2_.jpg,Beads & Charms,Girls > Beads & Charms,2,Girls
GEMTUB Natural Certified 5 Mukhi Rudraksha Nepali Bead 5 Face Rudraksha Bead with Certificate and Xray Report,299.0,999.0,70%,https://www.amazon.in/GEMTUB-Natural-Certified-Rudraksha-Certificate/dp/B0CWXYQ257/ref=zg_bs_g_4330647031_d_sccl_29/260-2581820-5151969?psc=1,https://www.amazon.in/dp/B0CWXYQ257?&linkCode=ll1&tag=902300-21&linkId=220ce9786670488f3833b7bc&language=en_IN&ref_=as_li_ss_tl,https://m.media-amazon.com/images/I/41XOuc8vz2L._SX300_SY300_QL70_ML2_.jpg,Beads & Charms,Girls > Beads & Charms,2,Girls
ARKAM Six Mukhi Rudraksha Certified/Original Nepali 6 Mukhi Rudraksh/Natural 6 faced Rudraksha (Brown) with Certificate and Puja Instructions,349.0,599.0,42%,https://www.amazon.in/ARKAM-Rudraksha-Certified-Certificate-Instructions/dp/B09MKSHXHY/ref=zg_bs_g_4330647031_d_sccl_30/260-2581820-5151969?psc=1,https://www.amazon.in/dp/B09MKSHXHY?&linkCode=ll1&tag=902300-21&linkId=ddc8d94aa1b932259e749ef4&language=en_IN&ref_=as_li_ss_tl,https://m.media-amazon.com/images/I/41SLVMRak9L._SX300_SY300_QL70_ML2_.jpg,Beads & Charms,Girls > Beads & Charms,2,Girls
ZAVERI PEARLS Multi Colour Dazzling Stones Embellished Contemporary Necklace For Women-ZPFK16391,359.0,699.0,N/A,https://www.amazon.in/ZAVERI-PEARLS-Embellished-Contemporary-Women-ZPFK16391/dp/B0CFTTR857/ref=zg_bs_g_7124388031_d_sccl_21/260-2581820-5151969?psc=1,https://www.amazon.in/dp/B0CFTTR857?&linkCode=ll1&tag=902300-21&linkId=38c85628c2029cab200c8a38&language=en_IN&ref_=as_li_ss_tl,https://m.media-amazon.com/images/I/31ZE17oEXrL._SY300_SX300_.jpg,Chains & Necklaces,Girls > Chains & Necklaces,2,Girls
ZAVERI PEARLS Silver Pearl Flower Contemporary Cubic Zirconia Embellished Pendant & Chain For Women-ZPFK16615,399.0,699.0,N/A,https://www.amazon.in/ZAVERI-PEARLS-Contemporary-Embellished-Women-ZPFK16615/dp/B0CKZCY367/ref=zg_bs_g_7124388031_d_sccl_29/260-2581820-5151969?psc=1,https://www.amazon.in/dp/B0CKZCY367?&linkCode=ll1&tag=902300-21&linkId=a67e6ef6a2c96cd6f99ffe1f&language=en_IN&ref_=as_li_ss_tl,https://m.media-amazon.com/images/I/21DeLuMNDvL._SY300_SX300_.jpg,Chains & Necklaces,Girls > Chains & Necklaces,2,Girls
GMXLin I Love to Travel Charm Luggage Suitcase Bead with Heart for Bracelets Women Girls Sister Holiday,3499.0,9999.0,N/A,https://www.amazon.in/GMXLin-Luggage-Suitcase-Bracelets-Holiday/dp/B09J4QYGPW/ref=zg_bs_g_7124373031_d_sccl_4/260-2581820-5151969?psc=1,https://www.amazon.in/dp/B09J4QYGPW?&linkCode=ll1&tag=902300-21&linkId=68d4620dbfe8386eb958366c&language=en_IN&ref_=as_li_ss_tl,https://m.media-amazon.com/images/I/41JPuy56TPS._SY300_SX300_.jpg,Charms,Girls > Charms,2,Girls
MZC Jewelry Butterfly Dragonfly Flower Charm for Mom Sister Best Friends Graduation Birthday Gift,223.0,1999.0,N/A,https://www.amazon.in/MZC-Jewelry-Butterfly-Dragonfly-Graduation/dp/B093756VPF/ref=zg_bs_g_7124373031_d_sccl_5/260-2581820-5151969?psc=1,https://www.amazon.in/dp/B093756VPF?&linkCode=ll1&tag=902300-21&linkId=b824cffeedddc413322105d2&language=en_IN&ref_=as_li_ss_tl,https://m.media-amazon.com/images/I/41BpcSwKiZS._SY300_SX300_.jpg,Charms,Girls > Charms,2,Girls
MZC Jewelry Christmas Reindeer Charm Beads for Snake Charms Bracelets,4183.0,999.0,N/A,https://www.amazon.in/MZC-Jewelry-Christmas-Reindeer-Bracelets/dp/B08RDRN5Z9/ref=zg_bs_g_7124373031_d_sccl_6/260-2581820-5151969?psc=1,https://www.amazon.in/dp/B08RDRN5Z9?&linkCode=ll1&tag=902300-21&linkId=f6e5368cdc460ac165d17960&language=en_IN&ref_=as_li_ss_tl,https://m.media-amazon.com/images/I/41AUTlMCGlL._SY300_SX300_.jpg,Charms,Girls > Charms,2,Girls
NanMuc Sparkling Queen Bee Pendant Charms Bead for Necklace Bracelet,2496.79,999.0,N/A,https://www.amazon.in/NanMuc-Sparkling-Pendant-Necklace-Bracelet/dp/B08NK2XXKS/ref=zg_bs_g_7124373031_d_sccl_7/260-2581820-5151969?psc=1,https://www.amazon.in/dp/B08NK2XXKS?&linkCode=ll1&tag=902300-21&linkId=238a2f324e4353ccba5db3f5&language=en_IN&ref_=as_li_ss_tl,https://m.media-amazon.com/images/I/31A04rXxqpL._SY300_SX300_.jpg,Charms,Girls > Charms,2,Girls
TEMPERIA Tic Tac Hair Clips for Girls (Pack of 24pcs) (5cm) (Matte Black) - Tik Tak Pins for Women,157.0,599.0,74%,https://www.amazon.in/TEMPERIA-Clips-Girls-24pcs-Matte/dp/B0CDQ7XBG9/ref=zg_bs_g_7124381031_d_sccl_4/260-2581820-5151969?psc=1,https://www.amazon.in/dp/B0CDQ7XBG9?&linkCode=ll1&tag=902300-21&linkId=51a18ae6c0b32d18415d0bd3&language=en_IN&ref_=as_li_ss_tl,https://images-na.ssl-images-amazon.com/images/I/51lQTIuWQoL._SX300_SY300_QL70_ML2_.jpg,Hair Accessories,Girls > Hair Accessories,2,Girls
YouBella Jewellery Stylish Birthday Sash and Crown - Pack of 2 Pcs | Birthday Girl Crown | Birthday Gifts for Best Friend/Sister (Rose Gold),331.0,1484.0,78%,https://www.amazon.in/YouBella-Jewellery-Stylish-Birthday-Crown/dp/B0CXMZF88F/ref=zg_bs_g_7124381031_d_sccl_5/260-2581820-5151969?psc=1,https://www.amazon.in/dp/B0CXMZF88F?&linkCode=ll1&tag=902300-21&linkId=3018e8ebc66e673d3e7c1cd6&language=en_IN&ref_=as_li_ss_tl,https://m.media-amazon.com/images/I/41RKFh30eNL._SX300_SY300_QL70_ML2_.jpg,Hair Accessories,Girls > Hair Accessories,2,Girls
Starvis Hair Bow Women Satin Silky Layered Hair Barrettes with Big Ribbon Bow Clip for Women and Girls Large Vintage Hair Accessories French Style (Black- 1pc),249.0,699.0,64%,https://www.amazon.in/Starvis-Layered-Barrettes-Accessories-White-black-red-3pcs/dp/B0CXMJ5MVC/ref=zg_bs_g_7124381031_d_sccl_7/260-2581820-5151969?psc=1,https://www.amazon.in/dp/B0CXMJ5MVC?&linkCode=ll1&tag=902300-21&linkId=9d1404674997c9887b9b1d47&language=en_IN&ref_=as_li_ss_tl,https://m.media-amazon.com/images/I/51LPe5DuvFL._SX300_SY300_QL70_ML2_.jpg,Hair Accessories,Girls > Hair Accessories,2,Girls
Elrose - 14PCS Combo Girls Hair Clips in Assorted Colours and Designs | Hair Accessories for Baby Girl (14PCS - SET OF 1),170.0,799.0,79%,https://www.amazon.in/Elrose-Assorted-Colours-Designs-Accessories/dp/B0DF6R3ZJ3/ref=zg_bs_g_7124381031_d_sccl_12/260-2581820-5151969?psc=1,https://www.amazon.in/dp/B0DF6R3ZJ3?&linkCode=ll1&tag=902300-21&linkId=dd37e9f054865a79997fd077&language=en_IN&ref_=as_li_ss_tl,https://m.media-amazon.com/images/I/51R-4hAM-nL._SX300_SY300_QL70_ML2_.jpg,Hair Accessories,Girls > Hair Accessories,2,Girls
PABULUM 2 PCS Hair Bows for Women Hair Clip Black Beige Hair Ribbon Accessories Slides Metal Clips Hair Bow for Women Girls Toddlers Teens Kids|TWO COLOR SET,194.0,699.0,72%,https://www.amazon.in/PABULUM-Ribbon-Accessories-Slides-Toddlers/dp/B0CSP8G5G7/ref=zg_bs_g_7124381031_d_sccl_13/260-2581820-5151969?psc=1,https://www.amazon.in/dp/B0CSP8G5G7?&linkCode=ll1&tag=902300-21&linkId=136d7516ac99b2b2cefd156f&language=en_IN&ref_=as_li_ss_tl,https://m.media-amazon.com/images/I/61B9gKxM5nL._SX300_SY300_QL70_ML2_.jpg,Hair Accessories,Girls > Hair Accessories,2,Girls
Radhu & Kabby Trendy Hair Bow for Women | Elegant and Durable Hairbow | Perfect Hair Accessory for Special Occasions & Everyday Wear | White Color | 1Pcs,278.0,599.0,54%,https://www.amazon.in/Radhu-Kabby-Stylish-Accessories-Comfortable/dp/B0C9JM88SW/ref=zg_bs_g_7124381031_d_sccl_15/260-2581820-5151969?psc=1,https://www.amazon.in/dp/B0C9JM88SW?&linkCode=ll1&tag=902300-21&linkId=b35eb01ae9da0ece1c951936&language=en_IN&ref_=as_li_ss_tl,https://m.media-amazon.com/images/I/41AqauZ1FeL._SX300_SY300_QL70_ML2_.jpg,Hair Accessories,Girls > Hair Accessories,2,Girls
"Diversa Star Shape Hair Clips for Kids & Girls, Mini Tic Tac Metal Hair Clips, Kids Hair Star Barrettes, Hair Accessories Side Pin for Baby Girl, Multicolor, Pack of 20",269.0,699.0,62%,https://www.amazon.in/Diversa-Shape-Barrettes-Accessories-Multicolor/dp/B0DGFFVYHW/ref=zg_bs_g_7124381031_d_sccl_16/260-2581820-5151969?psc=1,https://www.amazon.in/dp/B0DGFFVYHW?&linkCode=ll1&tag=902300-21&linkId=0efb3542c4d2f3ae0eac3145&language=en_IN&ref_=as_li_ss_tl,https://m.media-amazon.com/images/I/61LO5cseKuL._SX300_SY300_QL70_ML2_.jpg,Hair Accessories,Girls > Hair Accessories,2,Girls
FancyDressWale Princess Silk Wands Tiaras and Crowns for Girls Gem Wand Gold Set Blue,249.0,699.0,64%,https://www.amazon.in/FancyDressWale-Princess-Tiaras-Crowns-Little/dp/B08ZC4ZMRQ/ref=zg_bs_g_7124381031_d_sccl_17/260-2581820-5151969?psc=1,https://www.amazon.in/dp/B08ZC4ZMRQ?&linkCode=ll1&tag=902300-21&linkId=b739a07e4352bd39c124ed79&language=en_IN&ref_=as_li_ss_tl,https://m.media-amazon.com/images/I/41R-XomjU2L._SX300_SY300_QL70_ML2_.jpg,Hair Accessories,Girls > Hair Accessories,2,Girls
Adilish Fashion Mini Claw Hair Clips for Baby Girls & Kids 6 design- (60 pcs Mixed Color),199.0,299.0,33%,https://www.amazon.in/PCSAdilish-Fashion-Mini-Clips-Girls/dp/B0CSKMXZMF/ref=zg_bs_g_7124381031_d_sccl_18/260-2581820-5151969?psc=1,https://www.amazon.in/dp/B0CSKMXZMF?&linkCode=ll1&tag=902300-21&linkId=42df8ce6e29ca99b06ed57fb&language=en_IN&ref_=as_li_ss_tl,https://m.media-amazon.com/images/I/41Wh-pyGSML._SY300_SX300_QL70_ML2_.jpg,Hair Accessories,Girls > Hair Accessories,2,Girls
"Saavi Mini Emoji Cartoon Hair Clips Set For Kids and Girls, Cute Smiley Design Hair Accessories for Toddler | Barrettes with Multi Design (Multicolour, Pack of 20, Assorted)",299.0,599.0,N/A,https://www.amazon.in/SaaviTM-Rainbow-Accessories-Barrettes-Multicolour-Pack/dp/B0BHSCSRVS/ref=zg_bs_g_7124381031_d_sccl_19/260-2581820-5151969?psc=1,https://www.amazon.in/dp/B0BHSCSRVS?&linkCode=ll1&tag=902300-21&linkId=f2f30d2c370813db10723f62&language=en_IN&ref_=as_li_ss_tl,https://m.media-amazon.com/images/I/61p4vBOl9VL._SX300_SY300_QL70_ML2_.jpg,Hair Accessories,Girls > Hair Accessories,2,Girls
"ANNA CREATIONS Premium Designer Soft Flower Bow hairband Headband Hair Accessories for Baby Girls, baby girl kids hairband headbands elastic hair accessory, Pack of 5 - Multicolor",281.0,999.0,72%,https://www.amazon.in/ANNA-CREATIONS-multi-coloured-headbands-accessory/dp/B08HWZJY2G/ref=zg_bs_g_7124381031_d_sccl_20/260-2581820-5151969?psc=1,https://www.amazon.in/dp/B08HWZJY2G?&linkCode=ll1&tag=902300-21&linkId=14ddfdc4474dcfe338be49d0&language=en_IN&ref_=as_li_ss_tl,https://m.media-amazon.com/images/I/51IABkDPTSL._SX300_SY300_QL70_ML2_.jpg,Hair Accessories,Girls > Hair Accessories,2,Girls
Shidara 1 PCS Large White Lace Flower Embroidery Bow Hair Clip With Ribbon Wedding Hair Accessories for Women Girls,195.0,399.0,51%,https://www.amazon.in/Shidara-Flower-Embroidery-Wedding-Accessories/dp/B0CDXMWT92/ref=zg_bs_g_7124381031_d_sccl_21/260-2581820-5151969?psc=1,https://www.amazon.in/dp/B0CDXMWT92?&linkCode=ll1&tag=902300-21&linkId=6c00bcaedc0f98a6e69565fb&language=en_IN&ref_=as_li_ss_tl,https://m.media-amazon.com/images/I/51gbA8dC2EL._SX300_SY300_QL70_ML2_.jpg,Hair Accessories,Girls > Hair Accessories,2,Girls
"AMAZBIRD Hair Clips Set For Kids And Girls Hair Pins Cute Cute Fruit Cartoon Animal Hair Pin For Kids Hair Clip For Women Girls Hair Accessories 14Pcs, Multi",183.0,499.0,63%,https://www.amazon.in/AMAZBIRD-Clips-Cartoon-Animal-Accessories/dp/B0CNVYMJH1/ref=zg_bs_g_7124381031_d_sccl_22/260-2581820-5151969?psc=1,https://www.amazon.in/dp/B0CNVYMJH1?&linkCode=ll1&tag=902300-21&linkId=e445f8d8432d88bcb9d593c7&language=en_IN&ref_=as_li_ss_tl,https://m.media-amazon.com/images/I/51ojjcyvfIL._SX300_SY300_QL70_ML2_.jpg,Hair Accessories,Girls > Hair Accessories,2,Girls
ZEVER INDIA 1 Pcs Large White Lace Flower Embroidery Bow Hair Clip With Ribbon Hair Accessory Wedding Collection For Women And Girls,195.0,499.0,61%,https://www.amazon.in/ZEVER-INDIA-Embroidery-Accessory-Collection/dp/B0CT93CZLF/ref=zg_bs_g_7124381031_d_sccl_23/260-2581820-5151969?psc=1,https://www.amazon.in/dp/B0CT93CZLF?&linkCode=ll1&tag=902300-21&linkId=28e8788bfcdabf1a99590aee&language=en_IN&ref_=as_li_ss_tl,https://m.media-amazon.com/images/I/41kPY7iI2hL._SX300_SY300_QL70_ML2_.jpg,Hair Accessories,Girls > Hair Accessories,2,Girls
"Diversa Mini Colorful Flower Design Baby Hair Clip for Fine Hairs- Small Floral Cute Fancy Rose Hair Claws Accessories for Kids, Girls and Women, 6 Designs- Multicolor, (Pack of 60 Pcs)",299.0,699.0,57%,https://www.amazon.in/Diversa-Colorful-Accessories-Designs-Multicolor/dp/B0CR1V58FC/ref=zg_bs_g_7124381031_d_sccl_24/260-2581820-5151969?psc=1,https://www.amazon.in/dp/B0CR1V58FC?&linkCode=ll1&tag=902300-21&linkId=6933ef515e3140a2f0a1ffe6&language=en_IN&ref_=as_li_ss_tl,https://m.media-amazon.com/images/I/413GUz70gaL._SX300_SY300_QL70_ML2_.jpg,Hair Accessories,Girls > Hair Accessories,2,Girls
DKB® Golden Crystal Rhinestone Princess Hair Tiara Crown for Girls and Kids Same Design (Pack of-1),199.0,499.0,60%,https://www.amazon.in/DKB-Golden-Crystal-Rhinestone-Princess/dp/B0844LKDB6/ref=zg_bs_g_7124381031_d_sccl_25/260-2581820-5151969?psc=1,https://www.amazon.in/dp/B0844LKDB6?&linkCode=ll1&tag=902300-21&linkId=551ba44be56bbcd6ca687e90&language=en_IN&ref_=as_li_ss_tl,https://m.media-amazon.com/images/I/41FKoOR77yL._SX300_SY300_QL70_ML2_.jpg,Hair Accessories,Girls > Hair Accessories,2,Girls
"choicbaby 80Pcs Baby Girls Mini Hair Claw Clips Flower Hair Hair Accessories Barrattes For School Girls Kids Teens,Multi",225.0,499.0,55%,https://www.amazon.in/80PCS-Flower-Accessories-Barrattes-School/dp/B08FR4J1HW/ref=zg_bs_g_7124381031_d_sccl_26/260-2581820-5151969?psc=1,https://www.amazon.in/dp/B08FR4J1HW?&linkCode=ll1&tag=902300-21&linkId=d6a8fd7d0afda5fbb0c43180&language=en_IN&ref_=as_li_ss_tl,https://m.media-amazon.com/images/I/51SbQgCA5HS._SX300_SY300_QL70_ML2_.jpg,Hair Accessories,Girls > Hair Accessories,2,Girls
ADILISH FASHION 14 Pcs Multi Unicorn Ice Cream Hair Clips Set Baby Hairpin For Kids Girls Toddler Barrettes Hair Accessories Hairpin (Multicolor),169.0,699.0,76%,https://www.amazon.in/ADILISH-FASHION-Unicorn-Barrettes-Accessories/dp/B0B79Q692C/ref=zg_bs_g_7124381031_d_sccl_27/260-2581820-5151969?psc=1,https://www.amazon.in/dp/B0B79Q692C?&linkCode=ll1&tag=902300-21&linkId=9e96f8dd0760820589c983a2&language=en_IN&ref_=as_li_ss_tl,https://m.media-amazon.com/images/I/51hB+xgscyL._SX300_SY300_.jpg,Hair Accessories,Girls > Hair Accessories,2,Girls
"CHOTALIYA Mini Hair Clips Set 50 Pieces, Multicolor Colors, for Girls Baby Toddler Girls Decorative Bun Tiny hair",265.0,599.0,56%,https://www.amazon.in/CHOTALIYA-Pieces-Multicolor-Toddler-Decorative/dp/B0D1GX68FR/ref=zg_bs_g_7124381031_d_sccl_28/260-2581820-5151969?psc=1,https://www.amazon.in/dp/B0D1GX68FR?&linkCode=ll1&tag=902300-21&linkId=e27985296effb6fe3425d3a8&language=en_IN&ref_=as_li_ss_tl,https://m.media-amazon.com/images/I/51ZN3jioN5L._SX300_SY300_QL70_ML2_.jpg,Hair Accessories,Girls > Hair Accessories,2,Girls
Tricolor Ribbon Bow Hairband Rubber Band For Independence Day Republic Day | Tiranga Hairband Rubber Band for Girls - Pack of 2,199.0,899.0,78%,https://www.amazon.in/Tricolor-Hairband-Independence-Republic-Tiranga/dp/B0CRQMRM3K/ref=zg_bs_g_7124381031_d_sccl_29/260-2581820-5151969?psc=1,https://www.amazon.in/dp/B0CRQMRM3K?&linkCode=ll1&tag=902300-21&linkId=ddc1cba842af3e6e3441ef60&language=en_IN&ref_=as_li_ss_tl,https://m.media-amazon.com/images/I/31Tqp2jtEFL._SX300_SY300_QL70_ML2_.jpg,Hair Accessories,Girls > Hair Accessories,2,Girls
kapimo 20 Pcs Mix Elastic Hair Rubber Bands Ties Accessories for Kids Baby Girls Cute Fancy Patterns (Multicolor),259.0,800.0,68%,https://www.amazon.in/kapimo-Elastic-Accessories-Patterns-Multicolor/dp/B0D17N846C/ref=zg_bs_g_7124381031_d_sccl_30/260-2581820-5151969?psc=1,https://www.amazon.in/dp/B0D17N846C?&linkCode=ll1&tag=902300-21&linkId=46fd750291eab5575ed9d759&language=en_IN&ref_=as_li_ss_tl,https://m.media-amazon.com/images/I/51G7qWJBctL._SX300_SY300_QL70_ML2_.jpg,Hair Accessories,Girls > Hair Accessories,2,Girls
"Klip2Deal Love Pearl to You DIY Necklace Kit | Wish Pearl Set with Canned Pearl Shell, Metal Shell with Pearl | DIY Gift with Earrings and Adjustable Finger Ring | Gift for Girls",499.0,739.0,N/A,https://www.amazon.in/Klip2Deal-DIY-Necklace-Earrings-Adjustable/dp/B0DPNHNNJH/ref=zg_bs_g_7124387031_d_sccl_26/260-2581820-5151969?psc=1,https://www.amazon.in/dp/B0DPNHNNJH?&linkCode=ll1&tag=902300-21&linkId=4e1f2556827b493fbdcaf5b5&language=en_IN&ref_=as_li_ss_tl,https://m.media-amazon.com/images/I/41fE3NHVD3L._SY300_SX300_QL70_ML2_.jpg,Jewellery Sets,Girls > Jewellery Sets,2,Girls
"Elastikidz set of 6 mala set for 0-12 years kids girl include non precious pearl pendent Chain,Girls braclet & a set of hair clip birthday Gifts Girls(3 components available in each set)",550.0,999.0,45%,https://www.amazon.in/Elastikidz-precious-birthday-components-available/dp/B0DH3D611B/ref=zg_bs_g_7124387031_d_sccl_27/260-2581820-5151969?psc=1,https://www.amazon.in/dp/B0DH3D611B?&linkCode=ll1&tag=902300-21&linkId=0c34c159dffc8cf8551d614c&language=en_IN&ref_=as_li_ss_tl,https://m.media-amazon.com/images/I/51m1pky8sjL._SY300_SX300_QL70_ML2_.jpg,Jewellery Sets,Girls > Jewellery Sets,2,Girls
MITHILA HANDICRAFTS Gauri Shankar Rudraksh | Natural | Lab Certified,3999.0,7199.0,44%,https://www.amazon.in/MITHILATM-Shankar-Rudraksha-Natural-Certified/dp/B09GMB8HTS/ref=zg_bs_g_4330651031_d_sccl_29/260-2581820-5151969?psc=1,https://www.amazon.in/dp/B09GMB8HTS?&linkCode=ll1&tag=902300-21&linkId=7c7844fbada224def7dcc394&language=en_IN&ref_=as_li_ss_tl,https://m.media-amazon.com/images/I/51n+I6iCJ6L._SX300_SY300_.jpg,Loose Gemstones & Diamonds,Girls > Loose Gemstones & Diamonds,2,Girls
Vail Creations Small Size Traditional Maharashtrian Nose ring for women without piercing Pearl Gold Plated Nath Clip On Nose Ring For Girls (Pack of 2),158.0,299.0,47%,https://www.amazon.in/Vail-Creations-Traditional-Maharashtrian-piercing/dp/B0CC6DSJCL/ref=zg_bs_g_13169697031_d_sccl_6/260-2581820-5151969?psc=1,https://www.amazon.in/dp/B0CC6DSJCL?&linkCode=ll1&tag=902300-21&linkId=378028412b865abaa5cb6e9f&language=en_IN&ref_=as_li_ss_tl,https://m.media-amazon.com/images/I/416SPubRE5L._SX300_SY300_QL70_ML2_.jpg,Nose Rings & Pins,Girls > Nose Rings & Pins,2,Girls
ZIBUYU® Best Friends Pendant Silver Alloy Resin Half Heart Necklace Set for Best Friends BFF Friendship Jewelry for Girls Charm Gift for Girls and Sisters (Pink & Blue) - 2 Pcs,335.0,503.0,33%,https://www.amazon.in/Necklace-Friendship-Girlfriends-Girlfriend-Necklace-Pink/dp/B0B67MPV7F/ref=zg_bs_g_7124394031_d_sccl_2/260-2581820-5151969?psc=1,https://www.amazon.in/dp/B0B67MPV7F?&linkCode=ll1&tag=902300-21&linkId=bd6e6715d7aecbf9ddd1d4d8&language=en_IN&ref_=as_li_ss_tl,https://m.media-amazon.com/images/I/41w0DcPOBwL._SX300_SY300_QL70_ML2_.jpg,Pendants,Girls > Pendants,2,Girls
Taraash 925 Sterling Silver Bell Pendant For Kids,1691.0,3199.0,N/A,https://www.amazon.in/Taraash-Sterling-Silver-Bell-Pendant/dp/B0BRJ2T4XK/ref=zg_bs_g_7124394031_d_sccl_30/260-2581820-5151969?psc=1,https://www.amazon.in/dp/B0BRJ2T4XK?&linkCode=ll1&tag=902300-21&linkId=849f5311fbe475d3552f35d3&language=en_IN&ref_=as_li_ss_tl,https://m.media-amazon.com/images/I/31cQrFma+XL._SY300_SX300_.jpg,Pendants,Girls > Pendants,2,Girls
CResha Stylish Classic Duo Dog Tag Locket for Boys and Girls,199.0,2998.0,N/A,https://www.amazon.in/CResha-Stylish-Classic-Locket-Girls/dp/B07Z2CLJ69/ref=zg_bs_g_7124389031_d_sccl_4/260-2581820-5151969?psc=1,https://www.amazon.in/dp/B07Z2CLJ69?&linkCode=ll1&tag=902300-21&linkId=522f6ff487cc0ce5d1f36460&language=en_IN&ref_=as_li_ss_tl,https://m.media-amazon.com/images/I/41OB1bThnPL._SY300_SX300_.jpg,Pendants & Coins,Girls > Pendants & Coins,2,Girls
Modish Look Trendy Cat Locket with Chain Womens Jewellery,458.0,249.0,N/A,https://www.amazon.in/Modish-Look-Trendy-Locket-Jewellery/dp/B0168IPGHO/ref=zg_bs_g_7124389031_d_sccl_7/260-2581820-5151969?psc=1,https://www.amazon.in/dp/B0168IPGHO?&linkCode=ll1&tag=902300-21&linkId=b4b5d4f980ccd2c3a6018f90&language=en_IN&ref_=as_li_ss_tl,https://m.media-amazon.com/images/I/41cbntZQIiL._SY300_SX300_.jpg,Pendants & Coins,Girls > Pendants & Coins,2,Girls
Sahiba Gems Heart Key Lock Charm 24K Gold Platted 925 Sterling Silver Necklace Pendant For Girls/Women,375.0,N/A,N/A,https://www.amazon.in/Sahiba-Gems-Engrave-Sterling-Necklace/dp/B077Y2TCJ4/ref=zg_bs_g_7124389031_d_sccl_8/260-2581820-5151969?psc=1,https://www.amazon.in/dp/B077Y2TCJ4?&linkCode=ll1&tag=902300-21&linkId=fb0232ce02577203903114b9&language=en_IN&ref_=as_li_ss_tl,https://m.media-amazon.com/images/I/31AN7Sg8NnL._SX300_SY300_QL70_ML2_.jpg,Pendants & Coins,Girls > Pendants & Coins,2,Girls
Silverwala 925 Sterling Silver Religious Locket,1099.0,1399.0,N/A,https://www.amazon.in/Silverwala-Sterling-Silver-Religious-Locket/dp/B01BDBWKIY/ref=zg_bs_g_7124389031_d_sccl_9/260-2581820-5151969?psc=1,https://www.amazon.in/dp/B01BDBWKIY?&linkCode=ll1&tag=902300-21&linkId=da6bcf96f6747b88f0b5d3e8&language=en_IN&ref_=as_li_ss_tl,https://m.media-amazon.com/images/I/41ZbdfOu8yL._SX300_SY300_QL70_ML2_.jpg,Pendants & Coins,Girls > Pendants & Coins,2,Girls
ASV FASHION ENTERPRISES Shiva Mahakal Locket Pendant Necklace Shankar Bholenath Mahadev Mala For Men Women or Boy and Girls-Pack1,1699.0,2998.0,N/A,https://www.amazon.in/ASV-FASHION-ENTERPRISES-Bholenath-Girls-Pack1/dp/B0D73R5C3B/ref=zg_bs_g_7124389031_d_sccl_11/260-2581820-5151969?psc=1,https://www.amazon.in/dp/B0D73R5C3B?&linkCode=ll1&tag=902300-21&linkId=9dd8ed908569c0ce29c81aa8&language=en_IN&ref_=as_li_ss_tl,https://m.media-amazon.com/images/I/31tz1aDc4VL._SY300_SX300_.jpg,Pendants & Coins,Girls > Pendants & Coins,2,Girls
Sahiba Gems 925 Sterling Silver Moving Giraffe Shape Charm Locket For Boys,1095.0,1295.0,N/A,https://www.amazon.in/Sahiba-Gems-Sterling-Silver-Giraffe/dp/B07D22C5J4/ref=zg_bs_g_7124389031_d_sccl_14/260-2581820-5151969?psc=1,https://www.amazon.in/dp/B07D22C5J4?&linkCode=ll1&tag=902300-21&linkId=50fc826ea0d2ed05a0468f0e&language=en_IN&ref_=as_li_ss_tl,https://m.media-amazon.com/images/I/41qryHNa1-L._SY300_SX300_.jpg,Pendants & Coins,Girls > Pendants & Coins,2,Girls
Fine Creation DDR310 Most Demanded Shiv Trishul OM Symbol Dotted Locket Pendant With Mala,199.0,999.0,N/A,https://www.amazon.in/Fine-Creation-Demanded-Trishul-Pendant/dp/B0D6LRFD8Z/ref=zg_bs_g_7124389031_d_sccl_15/260-2581820-5151969?psc=1,https://www.amazon.in/dp/B0D6LRFD8Z?&linkCode=ll1&tag=902300-21&linkId=08749e623a105ab8a888bcbe&language=en_IN&ref_=as_li_ss_tl,https://m.media-amazon.com/images/I/51dVoydz1OL._SX300_SY300_QL70_ML2_.jpg,Pendants & Coins,Girls > Pendants & Coins,2,Girls
"GIVA 925 Silver Ripple Ring,Fixed Size,Indian - 11 | Gifts for Women and Girls | With Certificate of Authenticity and 925 Stamp | 6 Months Warranty",1583.0,2399.0,N/A,https://www.amazon.in/GIVA-Silver-Ripple-Fixed-Indian/dp/B0CYQ3SWSD/ref=zg_bs_g_7124395031_d_sccl_25/260-2581820-5151969?psc=1,https://www.amazon.in/dp/B0CYQ3SWSD?&linkCode=ll1&tag=902300-21&linkId=cfcc089aecc8dc9281b0539f&language=en_IN&ref_=as_li_ss_tl,https://m.media-amazon.com/images/I/31QRsaFnTKL._SY300_SX300_.jpg,Rings,Girls > Rings,2,Girls
Arihant Gems & Jewels® 2 Mukhi Indian Rudraksha with Silver Pendant | Natural & Certified | Astrological Two-Faced Rudraksha for Positive Energy | Unisex for Men & Women,899.0,1999.0,55%,https://www.amazon.in/Arihant-Jewels-Rudraksha-Pendant-Certified/dp/B01M7PU6KJ/ref=zg_bs_g_4330647031_d_sccl_3/260-2581820-5151969?psc=1,https://www.amazon.in/dp/B01M7PU6KJ?&linkCode=ll1&tag=902300-21&linkId=cab59f88eed2a2fe1a76ec1f&language=en_IN&ref_=as_li_ss_tl,https://m.media-amazon.com/images/I/41abYJ6Db6L._SX300_SY300_QL70_ML2_.jpg,Beads & Charms,Men > Beads & Charms,2,Men
"Arihant Gems & Jewels® 8 Mukhi Half Moon Shaped & 2 Mukhi Indian Rudraksha | Natural, Certified, Astrological | Unisex for Men & Women",2499.0,3999.0,38%,https://www.amazon.in/Rudraksha-RUDRAKSHA-Original-Certified-Arihant/dp/B01HA55QEW/ref=zg_bs_g_4330647031_d_sccl_10/260-2581820-5151969?psc=1,https://www.amazon.in/dp/B01HA55QEW?&linkCode=ll1&tag=902300-21&linkId=cb175a68efc17e287dbb53ea&language=en_IN&ref_=as_li_ss_tl,https://m.media-amazon.com/images/I/41fwBJW00SL._SX300_SY300_QL70_ML2_.jpg,Beads & Charms,Men > Beads & Charms,2,Men
RudraGallery 14 Mukhi Rudraksha Original Certified Pendant 14 Face Rudraksha Fourteen Indonesian Mukhi Rudraksha 14 Mukhi Indonesia Rudraksha 14 मुखी रुद्राक्ष भगवान शिव बजरंगबली 14 Mukhi Indonesia Beads Natural Collecter Size,2499.0,4600.0,46%,https://www.amazon.in/RudraGallery-Rudraksha-Certified-Indonesian-Indonesia/dp/B0DCFGFQLP/ref=zg_bs_g_4330647031_d_sccl_14/260-2581820-5151969?psc=1,https://www.amazon.in/dp/B0DCFGFQLP?&linkCode=ll1&tag=902300-21&linkId=4c35bb468247b0507a3d1064&language=en_IN&ref_=as_li_ss_tl,https://m.media-amazon.com/images/I/31S-hXWjdcL._SY300_SX300_QL70_ML2_.jpg,Beads & Charms,Men > Beads & Charms,2,Men
ARKAM One Mukhi Rudraksha Certified Kaju Dana/Original 1 Mukhi Rudraksh Kaju Dana/Natural 1 faced Half-moon Rudraksha (Brown) with Certificate and Puja Instructions,2199.0,3299.0,33%,https://www.amazon.in/ARKAM-Rudraksha-Certified-Certificate-Instructions/dp/B09MKSHY9H/ref=zg_bs_g_4330647031_d_sccl_16/260-2581820-5151969?psc=1,https://www.amazon.in/dp/B09MKSHY9H?&linkCode=ll1&tag=902300-21&linkId=5b6636f9b8e88b5cf0e4a1a5&language=en_IN&ref_=as_li_ss_tl,https://m.media-amazon.com/images/I/41Nq0d3icoL._SX300_SY300_QL70_ML2_.jpg,Beads & Charms,Men > Beads & Charms,2,Men
Yellow Chimes Earrings for Men and Boys Fashion Golden Studs for Men | Gold Toned Black Studs | Stainless Steel Stud Earrings | Birthday Gift for Men and Boys Anniversary Gift for Husband,283.0,1530.0,82%,https://www.amazon.in/Yellow-Chimes-Black-Stud-Earrings/dp/B01GOD3792/ref=zg_bs_g_7124365031_d_sccl_5/260-2581820-5151969?psc=1,https://www.amazon.in/dp/B01GOD3792?&linkCode=ll1&tag=902300-21&linkId=5108dd24d15c1e0967d83586&language=en_IN&ref_=as_li_ss_tl,https://m.media-amazon.com/images/I/41IcunHQfcL._SX300_SY300_QL70_ML2_.jpg,Earrings,Men > Earrings,2,Men
"FOSIR 8 Pairs Tiny Flat Back Earrings for Women Men 14K Gold Plated Surgical Stainless Steel Stud Earrings Set Cubic Zirconia Cartilage Earring Hypoallergenic Piercing Jewelry, 2-4mm",1399.0,2198.0,N/A,https://www.amazon.in/FOSIR-Zirconia-Cartilage-Earrings-Stainless/dp/B08T1X9S33/ref=zg_bs_g_7124365031_d_sccl_12/260-2581820-5151969?psc=1,https://www.amazon.in/dp/B08T1X9S33?&linkCode=ll1&tag=902300-21&linkId=395bf0e011567e2f75a5eef1&language=en_IN&ref_=as_li_ss_tl,https://m.media-amazon.com/images/I/31XE18SCIDL._SY300_SX300_.jpg,Earrings,Men > Earrings,2,Men
Solidindia Craft Set of 2 Pair Silver Crystal Magnetic Non Pierced ears Stud Earrings for Men and Women,225.0,1374.0,N/A,https://www.amazon.in/Solidindia-Craft-Pair-Magnetic-Earrings/dp/B08KS2KJTN/ref=zg_bs_g_7124365031_d_sccl_16/260-2581820-5151969?psc=1,https://www.amazon.in/dp/B08KS2KJTN?&linkCode=ll1&tag=902300-21&linkId=b3e78007ffbf16bc7a7b16f4&language=en_IN&ref_=as_li_ss_tl,https://m.media-amazon.com/images/I/51OChZ7umrL._SX300_SY300_.jpg,Earrings,Men > Earrings,2,Men
"Salvus APP SOLUTIONS Universal Size Orange Color Laddu Gopal Shringar Set (1-Laddu Gopal Mukut, 1-Krishna Basuri, 1-Necklace, 1-Earrings Set, 1-Stick, 2-Hand Bracelet), Krishna Shringaar (Assorted)",249.0,599.0,58%,https://www.amazon.in/Salvus-App-SOLUTIONS-Krishna-Shringaar/dp/B0743FCDDY/ref=zg_bs_g_7124366031_d_sccl_2/260-2581820-5151969?psc=1,https://www.amazon.in/dp/B0743FCDDY?&linkCode=ll1&tag=902300-21&linkId=182404bf5714a0e86a4bf488&language=en_IN&ref_=as_li_ss_tl,https://m.media-amazon.com/images/I/41NThwMBzYL._SX300_SY300_QL70_ML2_.jpg,Jewellery Sets,Men > Jewellery Sets,2,Men
PANDIT NM SHRIMALI Women Certified Gaurishankar Rudraksha/Shri Gauri Shankar Rudraksha Pendant Original Rudraksha Locket (Color : Brown),2499.0,3600.0,31%,https://www.amazon.in/PANDIT-NM-SHRIMALI-Certified-Gaurishankar/dp/B0C787Q7VH/ref=zg_bs_g_7124368031_d_sccl_22/260-2581820-5151969?psc=1,https://www.amazon.in/dp/B0C787Q7VH?&linkCode=ll1&tag=902300-21&linkId=137f82dfaab3cd9aa0f0bace&language=en_IN&ref_=as_li_ss_tl,https://m.media-amazon.com/images/I/51zO++PfzWL._SY300_SX300_.jpg,Pendants,Men > Pendants,2,Men
PANDIT NM SHRIMALI Shani Ka Challa Kale Ghode Ki Naal Ring Black Horse Iron Ring of Lord Shani Also Known as is Known Shani Dosh Upay For Unisex Adult(Nivaran)- Pack of 3(One Size),189.0,400.0,53%,https://www.amazon.in/PANDIT-NM-SHRIMALI-Shani-Challa/dp/B0817PZCS9/ref=zg_bs_g_7124369031_d_sccl_1/260-2581820-5151969?psc=1,https://www.amazon.in/dp/B0817PZCS9?&linkCode=ll1&tag=902300-21&linkId=ceb10120017d9ebe27f40c09&language=en_IN&ref_=as_li_ss_tl,https://m.media-amazon.com/images/I/31wPk5lMMGL._SX300_SY300_QL70_ML2_.jpg,Rings,Men > Rings,2,Men
"SHREERUDRA Ranga Ring, Ranga Ring for Fat Loss, Ranga ki Ring, Ranga Metal (Ring Set of 2)",249.0,499.0,50%,https://www.amazon.in/SHREERUDRA-Ranga-Ring-Loss-Metal/dp/B0B6CZ6T63/ref=zg_bs_g_7124369031_d_sccl_9/260-2581820-5151969?psc=1,https://www.amazon.in/dp/B0B6CZ6T63?&linkCode=ll1&tag=902300-21&linkId=a342e40fa041d9953fe7c5ce&language=en_IN&ref_=as_li_ss_tl,https://m.media-amazon.com/images/I/21MxCV6tj+L._SX300_SY300_.jpg,Rings,Men > Rings,2,Men
"Navjai Cotton Black Thread Moltadu Buri Nazar Battu Kala Dhaga Raksha Sutra For Hand Leg Energized Evil Eye Protection Anklet For Men Women Children Kid Bracelet (Bhairo Dhaga) 10 Metre, 150 Gram",196.0,299.0,34%,https://www.amazon.in/Navjai-Nazar-Dhaga-Energized-Protection/dp/B09KBNLMHS/ref=zg_bs_g_2152533031_d_sccl_13/260-2581820-5151969?psc=1,https://www.amazon.in/dp/B09KBNLMHS?&linkCode=ll1&tag=902300-21&linkId=53eb27f6f7e57f90ecfd5342&language=en_IN&ref_=as_li_ss_tl,https://m.media-amazon.com/images/I/31yx1uPrcUL._SY300_SX300_QL70_ML2_.jpg,Anklets,Women > Anklets,2,Women
Zen Bells 9 Beads Natural Rudraksha Fruit - Nepali Original Rudraksh Beads with Natural Shell for Rudraksha mala Rudraksha Bracelet (9),333.0,449.0,26%,https://www.amazon.in/Zen-Bells-Beads-Natural-Rudraksha/dp/B0B8CJJ7NL/ref=zg_bs_g_4330647031_d_sccl_4/260-2581820-5151969?psc=1,https://www.amazon.in/dp/B0B8CJJ7NL?&linkCode=ll1&tag=902300-21&linkId=73b01bdaaa398f9ca518614d&language=en_IN&ref_=as_li_ss_tl,https://m.media-amazon.com/images/I/51y1gRMGi2L._SX300_SY300_QL70_ML2_.jpg,Beads & Charms,Women > Beads & Charms,2,Women
ARKAM Two Mukhi Kaju Rudraksha Certified/Original 2 Mukhi Rudraksh/Natural 2 faced Rudraksha (Brown) with Certificate and Puja Instructions,349.0,599.0,42%,https://www.amazon.in/ARKAM-Rudraksha-Certified-Certificate-Instructions/dp/B09PNNNW9Z/ref=zg_bs_g_4330647031_d_sccl_5/260-2581820-5151969?psc=1,https://www.amazon.in/dp/B09PNNNW9Z?&linkCode=ll1&tag=902300-21&linkId=d2c2478bec3b1f1294c516c8&language=en_IN&ref_=as_li_ss_tl,https://m.media-amazon.com/images/I/418hq5FEFZL._SX300_SY300_QL70_ML2_.jpg,Beads & Charms,Women > Beads & Charms,2,Women
1 Mukhi Rudraksha Original Certified Nepali Beautiful Round Shape Excellent One Face Rudraksha ?? ???? ????????? ??????? ????? Ekmukhi RudrakshRudraksha Beads,440.0,4999.0,91%,https://www.amazon.in/Rudraksha-Certified-Beautiful-Excellent-RudrakshRudraksha/dp/B0D97Z3R8T/ref=zg_bs_g_4330647031_d_sccl_19/260-2581820-5151969?psc=1,https://www.amazon.in/dp/B0D97Z3R8T?&linkCode=ll1&tag=902300-21&linkId=150bc58028b8de85c7ce100d&language=en_IN&ref_=as_li_ss_tl,https://m.media-amazon.com/images/I/41DnFQ7wu3L._SX300_SY300_QL70_ML2_.jpg,Beads & Charms,Women > Beads & Charms,2,Women
PUSHKARA NATURAL 6 MUKHI RUDRAKSHA CERTIFIED - NEPAL | BROWN | PJTL6M01,616.0,800.0,23%,https://www.amazon.in/PUSHKARA-NATURAL-MUKHI-RUDRAKSHA-CERTIFIED/dp/B0BY9D1CX6/ref=zg_bs_g_4330647031_d_sccl_25/260-2581820-5151969?psc=1,https://www.amazon.in/dp/B0BY9D1CX6?&linkCode=ll1&tag=902300-21&linkId=375e1dd24d41bbcc436923a8&language=en_IN&ref_=as_li_ss_tl,https://m.media-amazon.com/images/I/413WxIg+XWL._SY300_SX300_.jpg,Beads & Charms,Women > Beads & Charms,2,Women
HEAVY DRIVER® 20pcs Brooch Pins for Women Cover Up Button Pins Instant Button Jeans Button Pins Women Shirt Safety Brooch Enamel Pins Modesty Pins Pearl Brooch Buttons for DIY Clothing Dress Coat,228.0,649.0,65%,https://www.amazon.in/HEAVY-DRIVER%C2%AE-Instant-Modesty-Clothing/dp/B0C8FXMZ94/ref=zg_bs_g_2152550031_d_sccl_3/260-2581820-5151969?psc=1,https://www.amazon.in/dp/B0C8FXMZ94?&linkCode=ll1&tag=902300-21&linkId=fa560a261d9cb5ce33c7f454&language=en_IN&ref_=as_li_ss_tl,https://m.media-amazon.com/images/I/51sJXiHZIKL._SX300_SY300_QL70_ML2_.jpg,Brooches & Pins,Women > Brooches & Pins,2,Women
"Temperia Hair Accessories For Women's & Girls -Stylish Red Rose Artificial Flowers Bun Juda Bridal Brooch & Braid For Hairstyle & Decoration - Pins & Clips For Style Of Bride, Wedding & Party (Mn106)",167.0,599.0,72%,https://www.amazon.in/TEMPERIA-Hair-Accessories-Women-Girls/dp/B0BT4C6MP8/ref=zg_bs_g_2152550031_d_sccl_6/260-2581820-5151969?psc=1,https://www.amazon.in/dp/B0BT4C6MP8?&linkCode=ll1&tag=902300-21&linkId=a96a07fc7dc1af4b0f757ffc&language=en_IN&ref_=as_li_ss_tl,https://m.media-amazon.com/images/I/515VfA2NjSL._SX300_SY300_QL70_ML2_.jpg,Brooches & Pins,Women > Brooches & Pins,2,Women
"TecoKart® 30 Pcs Safety Pins & Buttons for Women,Pearl Brooch Buttons Cover Up Anti-Exposure Brooch Pins Safety, Women's Clothing Accessories,Removable",259.0,759.0,66%,https://www.amazon.in/TecoKart%C2%AE-30-Anti-Exposure-Accessories-Removable/dp/B0D4TNRYWQ/ref=zg_bs_g_2152550031_d_sccl_8/260-2581820-5151969?psc=1,https://www.amazon.in/dp/B0D4TNRYWQ?&linkCode=ll1&tag=902300-21&linkId=003ae37ac7f004648d1d004e&language=en_IN&ref_=as_li_ss_tl,https://m.media-amazon.com/images/I/41jZlnBwseL._SX300_SY300_QL70_ML2_.jpg,Brooches & Pins,Women > Brooches & Pins,2,Women
VAMA Fashions Metal Ball Safety Pin Set Draping Saree Pallu Pleats Holding Hijab Locking Clothing Sewing Crafting Multipurpose Pins for Women (4.5cm - Safety Pin for Pallu Dupatta),148.0,1500.0,90%,https://www.amazon.in/VAMA-Fashions-Saree-Clothing-Multipurpose/dp/B0DG8FQVVB/ref=zg_bs_g_2152550031_d_sccl_9/260-2581820-5151969?psc=1,https://www.amazon.in/dp/B0DG8FQVVB?&linkCode=ll1&tag=902300-21&linkId=41acfc5414bbbccb2cd315da&language=en_IN&ref_=as_li_ss_tl,https://m.media-amazon.com/images/I/411CDTowQIL._SX300_SY300_QL70_ML2_.jpg,Brooches & Pins,Women > Brooches & Pins,2,Women
"QIQVERT 10 Pcs Pearl Safety Buttons for Women Decorative Brooch for Women Cover up Buttons Shirt Brooch Buttons Pearl Safety Brooch Pins Button for Clothing, Dress, Hats, Bags, Accessories DIY Crafts",188.0,799.0,76%,https://www.amazon.in/QIQVERT-Buttons-Decorative-Clothing-Accessories/dp/B0DC2KN1W4/ref=zg_bs_g_2152550031_d_sccl_14/260-2581820-5151969?psc=1,https://www.amazon.in/dp/B0DC2KN1W4?&linkCode=ll1&tag=902300-21&linkId=326434e634bfd28304d8e727&language=en_IN&ref_=as_li_ss_tl,https://m.media-amazon.com/images/I/41O0K0-D16L._SX300_SY300_QL70_ML2_.jpg,Brooches & Pins,Women > Brooches & Pins,2,Women
INSIME Magnetic hijab pins for scarf | Hijab magnetic pins for women stylish | Elegant Scarf pins & Hijab pin with hijab magnets | Stylish magnetic pins for hijab | Set of 4,379.0,750.0,49%,https://www.amazon.in/INSIME-Magnetic-magnetic-stylish-pin/dp/B0DMW3VVTQ/ref=zg_bs_g_2152550031_d_sccl_23/260-2581820-5151969?psc=1,https://www.amazon.in/dp/B0DMW3VVTQ?&linkCode=ll1&tag=902300-21&linkId=979194f1b97f594027897e63&language=en_IN&ref_=as_li_ss_tl,https://m.media-amazon.com/images/I/412Wgf6c2RL._SY300_SX300_QL70_ML2_.jpg,Brooches & Pins,Women > Brooches & Pins,2,Women
HEAVY DRIVER® 30pcs Brooch Pins for Women Cover Up Button Pins Instant Button Jeans Button Pins Women Shirt Safety Brooch Enamel Pins Pearl Rhinestone Brooch Buttons for Shirt Coat Dress Sweater (B),278.0,899.0,69%,https://www.amazon.in/HEAVY-DRIVER%C2%AE-Instant-Rhinestone-Buttons/dp/B0C8G9X55T/ref=zg_bs_g_2152550031_d_sccl_26/260-2581820-5151969?psc=1,https://www.amazon.in/dp/B0C8G9X55T?&linkCode=ll1&tag=902300-21&linkId=31958c8fbc02c6b39b19bc93&language=en_IN&ref_=as_li_ss_tl,https://m.media-amazon.com/images/I/61if2hw2+SL._SY300_SX300_.jpg,Brooches & Pins,Women > Brooches & Pins,2,Women
"THYNOX Kaan Chain Transparent and Stretchable Earchain (Gold-Colored) | Champaswaralu for Women and Girls | Ear Chain for Heavy Earrings | Invisible Ear Chain for Women with Invisible Ear Lobe Support for Earrings, Earlobe Tapes and Stickers, Earring Supporter for Heavy Earrings, Support Patches for Girls",367.0,699.0,N/A,https://www.amazon.in/Transparent-Stretchable-Gold-Colored-Champaswaralu-Invisible/dp/B0DH6MXMQC/ref=zg_bs_g_2152555031_d_sccl_14/260-2581820-5151969?psc=1,https://www.amazon.in/dp/B0DH6MXMQC?&linkCode=ll1&tag=902300-21&linkId=1f9276f75a0667fac0bfeb3a&language=en_IN&ref_=as_li_ss_tl,https://m.media-amazon.com/images/I/31HXwDFU4RL._SX300_SY300_.jpg,Earrings,Women > Earrings,2,Women
"VRONZO Gold Plated Transparent, Stretchable, Adjustable, Lightweighted Ear Chain for Heavy Earrings – Comfortable Ear Support for Women & Girls with FREE Invisible Ear Lobe Support Patches for Earrings – Earlobe Tapes, Stickers, and Earring Supporter Patches for Heavy Earrings",367.0,699.0,N/A,https://www.amazon.in/Transparent-Stretchable-Adjustable-Lightweighted-Earrings/dp/B0DGDCHYHZ/ref=zg_bs_g_2152555031_d_sccl_21/260-2581820-5151969?psc=1,https://www.amazon.in/dp/B0DGDCHYHZ?&linkCode=ll1&tag=902300-21&linkId=1764beeba3d53ddda0a1ae68&language=en_IN&ref_=as_li_ss_tl,https://m.media-amazon.com/images/I/31iHMIh36BL._SX300_SY300_.jpg,Earrings,Women > Earrings,2,Women
"TEMPERIA Hair Accessories For Women's & Girls For Wedding - Artificial Flowers & Pearl Style Juda Bun Accessories - Floral Bridal Brooch & Hair Pins - Hairstyle Decoration Bride Clips, Silver White",195.0,599.0,67%,https://www.amazon.in/TEMPERIA-Accessories-Women-Stylish-Wedding/dp/B0BQJDF9SG/ref=zg_bs_g_2152556031_d_sccl_8/260-2581820-5151969?psc=1,https://www.amazon.in/dp/B0BQJDF9SG?&linkCode=ll1&tag=902300-21&linkId=275f384ffa7fdf7caecb3cf0&language=en_IN&ref_=as_li_ss_tl,https://m.media-amazon.com/images/I/51jtTmpZ8gL._SX300_SY300_QL70_ML2_.jpg,Hair Accessories,Women > Hair Accessories,2,Women
"FRYIO® Classic Satin Silk Scrunchies For Women And Girls Set Of 12 Scrunchie for Less Hair fall Hairbands Rubber Band Scrunchies For Girls Best Gift For Mom, Sister And Girlfriend (MULTI COLOR)",199.0,399.0,50%,https://www.amazon.in/Classic-Scrunchies-Scrunchie-Hairbands-Girlfriend/dp/B0D8ZHC7XL/ref=zg_bs_g_2152556031_d_sccl_9/260-2581820-5151969?psc=1,https://www.amazon.in/dp/B0D8ZHC7XL?&linkCode=ll1&tag=902300-21&linkId=619a68e5813fc4b881053c79&language=en_IN&ref_=as_li_ss_tl,https://m.media-amazon.com/images/I/61-qAUoQ95L._SX300_SY300_QL70_ML2_.jpg,Hair Accessories,Women > Hair Accessories,2,Women
TEMPERIA (30 Pcs) Hair Band for Women & Girls - Premium Rubber Band - Elastic Ponytail Hairband Ties Accessories - Black (DN01),157.0,599.0,74%,https://www.amazon.in/TEMPERIA-Hair-Band-Women-Girls/dp/B0CSZ2871S/ref=zg_bs_g_2152556031_d_sccl_13/260-2581820-5151969?psc=1,https://www.amazon.in/dp/B0CSZ2871S?&linkCode=ll1&tag=902300-21&linkId=d21dd9707c3a7d15d5534153&language=en_IN&ref_=as_li_ss_tl,https://m.media-amazon.com/images/I/315iK3S8DIL._SX300_SY300_QL70_ML2_.jpg,Hair Accessories,Women > Hair Accessories,2,Women
"GITGRNTH Soft Cotton Hair Ties for Women - No Damage Elastic Hair Bands - Durable Rubber Band for Women - Ideal Ponytail Holders - Comfortable Hair Accessories - Gentle on All Hair Types - Perfect for Thick and Thin Hair - Scrunches for Women - Kids Hair Rubber Band (5 Colors [51 Pieces], Regular)",199.0,999.0,80%,https://www.amazon.in/GITGRNTH-Soft-Cotton-Hair-Women/dp/B0D9YMG26G/ref=zg_bs_g_2152556031_d_sccl_15/260-2581820-5151969?psc=1,https://www.amazon.in/dp/B0D9YMG26G?&linkCode=ll1&tag=902300-21&linkId=d37e0237ebd1417c76ac54bc&language=en_IN&ref_=as_li_ss_tl,https://m.media-amazon.com/images/I/41G+fOQ7bTL._SY300_SX300_.jpg,Hair Accessories,Women > Hair Accessories,2,Women
"Seeotwo 6 Pieces Metal Hairband Sports Yoga Spring Wave Multi Style Non-Slip Black Metal Headband Unisex Fashion Adjustable Wavy Elastic Hair Hoop Band for Women, Men, Boys, and Girls",299.0,800.0,63%,https://www.amazon.in/Seeotwo-Hairband-Non-Slip-Headband-Adjustable/dp/B0CN73ZLNP/ref=zg_bs_g_2152556031_d_sccl_16/260-2581820-5151969?psc=1,https://www.amazon.in/dp/B0CN73ZLNP?&linkCode=ll1&tag=902300-21&linkId=4992257068390add1ebe3619&language=en_IN&ref_=as_li_ss_tl,https://m.media-amazon.com/images/I/31ewGFOyfqL._SX300_SY300_QL70_ML2_.jpg,Hair Accessories,Women > Hair Accessories,2,Women
5 pcs Fur rubber bands large fur rubber bands Microfiber towel scrunchiesfor winter for girls rubber bands Soft velvet hair ties,195.0,499.0,61%,https://www.amazon.in/rubber-Microfiber-scrunchiesfor-winter-velvet/dp/B0CVQCXKFB/ref=zg_bs_g_2152556031_d_sccl_17/260-2581820-5151969?psc=1,https://www.amazon.in/dp/B0CVQCXKFB?&linkCode=ll1&tag=902300-21&linkId=dea6962770b6a13dff9f21d8&language=en_IN&ref_=as_li_ss_tl,https://m.media-amazon.com/images/I/41eapJfML5L._SY300_SX300_QL70_ML2_.jpg,Hair Accessories,Women > Hair Accessories,2,Women
"Hair Flare Hair Accessories For Women & Girls, Stylish for Wedding - Artificial Flowers & Pearl Style Juda Bun - Floral Bridal Brooch & Hair Pins - Hairstyle Decoration Bride Clips - 2640",187.0,1299.0,86%,https://www.amazon.in/Hair-Flare-Accessories-Stylish-Wedding/dp/B0CBF97DHS/ref=zg_bs_g_2152556031_d_sccl_19/260-2581820-5151969?psc=1,https://www.amazon.in/dp/B0CBF97DHS?&linkCode=ll1&tag=902300-21&linkId=dcdc1531c6378b7c5b41d328&language=en_IN&ref_=as_li_ss_tl,https://m.media-amazon.com/images/I/51VO4dEFA7L._SX300_SY300_QL70_ML2_.jpg,Hair Accessories,Women > Hair Accessories,2,Women
Radhvini Collections Flower and Feather Long Ribbon Tassel Rubber Band Hair ties Hair Accessory Set (Multi),259.0,439.0,41%,https://www.amazon.in/Radhvini-Collections-Flower-Feather-Accessory/dp/B0DFYRQS7C/ref=zg_bs_g_2152556031_d_sccl_20/260-2581820-5151969?psc=1,https://www.amazon.in/dp/B0DFYRQS7C?&linkCode=ll1&tag=902300-21&linkId=d8cce497b17b6c87b4e8d6ad&language=en_IN&ref_=as_li_ss_tl,https://m.media-amazon.com/images/I/41zabNycnyL._SX300_SY300_QL70_ML2_.jpg,Hair Accessories,Women > Hair Accessories,2,Women
Samyak Combo of 2 Wedding Hair Pins Tiara Accessories Handmade Headdress Brooch for Women & Girls Bridesmaid Hair Vine (Silver-Gold),299.0,899.0,67%,https://www.amazon.in/Samyak-Accessories-Headdress-Bridesmaid-Silver-Gold/dp/B0D9JRV5VL/ref=zg_bs_g_2152556031_d_sccl_22/260-2581820-5151969?psc=1,https://www.amazon.in/dp/B0D9JRV5VL?&linkCode=ll1&tag=902300-21&linkId=d85514bf340a25f4706ff526&language=en_IN&ref_=as_li_ss_tl,https://m.media-amazon.com/images/I/51LrVDiRcgL._SX300_SY300_QL70_ML2_.jpg,Hair Accessories,Women > Hair Accessories,2,Women
ANNACREATIONS Korean Style Gold Metal Pearl Geometric Stone Lock Hair Pins Hair Clip Hair Accessories Jewellery for Women And Girls (Pack of 6 Pcs),362.0,999.0,64%,https://www.amazon.in/ANNACREATIONS-Metal-Plastic-Clips-Multicolour/dp/B09925QV7D/ref=zg_bs_g_2152556031_d_sccl_23/260-2581820-5151969?psc=1,https://www.amazon.in/dp/B09925QV7D?&linkCode=ll1&tag=902300-21&linkId=096a7e9e66a229e504652c08&language=en_IN&ref_=as_li_ss_tl,https://m.media-amazon.com/images/I/51Zzz7dpZtL._SY300_SX300_QL70_ML2_.jpg,Hair Accessories,Women > Hair Accessories,2,Women
"Premium gift scrunchies for girl, women hairband, unique texture (Organza A)",199.0,385.0,48%,https://www.amazon.in/Premium-scrunchies-hairband-texture-Organza/dp/B0BSFM4XCK/ref=zg_bs_g_2152556031_d_sccl_27/260-2581820-5151969?psc=1,https://www.amazon.in/dp/B0BSFM4XCK?&linkCode=ll1&tag=902300-21&linkId=a564f9cd89b825a5f0556575&language=en_IN&ref_=as_li_ss_tl,https://m.media-amazon.com/images/I/41j6PzduLrL._SX300_SY300_QL70_ML2_.jpg,Hair Accessories,Women > Hair Accessories,2,Women
SONI DESIGNS designer and stylish mangalsutra for women Brass Mangalsutra,299.0,599.0,50%,https://www.amazon.in/DESIGNS-designer-stylish-mangalsutra-Mangalsutra/dp/B0C1SKXK4W/ref=zg_bs_g_11124457031_d_sccl_23/260-2581820-5151969?psc=1,https://www.amazon.in/dp/B0C1SKXK4W?&linkCode=ll1&tag=902300-21&linkId=009f6ade495fea4373322a6a&language=en_IN&ref_=as_li_ss_tl,https://m.media-amazon.com/images/I/51+Mt+K0q0L._SY300_SX300_.jpg,Mangalsutras & Tanmaniyas,Women > Mangalsutras & Tanmaniyas,2,Women
Amazon Pay - Wedding And Birthday - In a box - Gift for Her/Him,2000.0,11999.0,N/A,https://www.amazon.in/Amazon-Pay-Valentines-Golden-Rs-2000/dp/B0BSFK51RT/ref=zg_bs_g_2152566031_d_sccl_5/260-2581820-5151969?psc=1,https://www.amazon.in/dp/B0BSFK51RT?&linkCode=ll1&tag=902300-21&linkId=6f68acbff28c5898725c4488&language=en_IN&ref_=as_li_ss_tl,https://m.media-amazon.com/images/I/41DHklOi9uL._SY445_SX342_QL70_ML2_.jpg,Pendants,Women > Pendants,2,Women
Swanery Crystal Products 7 Chakra Pendant Orgone/Orgonite Crystal Stone Pendant Locket Pendant with Chain for Reiki Healing and Crystal Healing Stone,379.0,999.0,62%,https://www.amazon.in/Swanery-Crystal-Products-Pendant-Orgonite/dp/B0D6JCBF63/ref=zg_bs_g_2152566031_d_sccl_12/260-2581820-5151969?psc=1,https://www.amazon.in/dp/B0D6JCBF63?&linkCode=ll1&tag=902300-21&linkId=b7e7dcf31a0206718fabcde0&language=en_IN&ref_=as_li_ss_tl,https://m.media-amazon.com/images/I/41xnSpuR-aL._SX300_SY300_QL70_ML2_.jpg,Pendants,Women > Pendants,2,Women
REBUY 7 Mukhi Rudraksh 108+1 Beads Mala (),799.0,2799.0,71%,https://www.amazon.in/Rudraksha-Mart-Mukhi-Rudraksh-Beads/dp/B07BJXVZGF/ref=zg_bs_g_2152566031_d_sccl_30/260-2581820-5151969?psc=1,https://www.amazon.in/dp/B07BJXVZGF?&linkCode=ll1&tag=902300-21&linkId=f6df2a094695631209a00680&language=en_IN&ref_=as_li_ss_tl,https://m.media-amazon.com/images/I/61mDM2tQoSL._SY300_SX300_QL70_ML2_.jpg,Pendants,Women > Pendants,2,Women
